Client Name,Employee ID,BirthDate,Gender,Subsidiary Code,OrganizationCode
XYW,123XYW,1981,F,XZZ,12AC
XYW,123XYW,1980,F,XZY,12AC
XYW,123XYW,1985,M,XZY,12AC
XYW,123XYW,1976,M,XZY,12AC
XYW,123XYW,1974,M,XZZ,12AC
XYW,123XYW,1978,M,XZY,12AC
XYW,123XYW,1986,F,XZZ,12AC
XYW,123XYW,1992,F,XZY,12AC
XYU,123XYU,1987,F,XZY,12AC
XYU,123XYU,1989,M,XZZ,12AC
XYU,123XYU,1986,M,XZZ,12AC
XYU,123XYU,1977,F,XZZ,12AC
XYU,123XYU,1988,F,XZY,12AC
XYU,123XYU,1993,M,XZZ,12AC
XYZ,123XYZ,1989,F,XZY,12AC
XYZ,123XYZ,1974,M,XZZ,12AC
XYZ,123XYZ,1992,M,XZY,12AC
XYZ,123XYZ,1988,F,XZY,12AC
XYZ,123XYZ,1990,F,XZZ,12AC
XYZ,123XYZ,1989,M,XZZ,12AC
XYZ,123XYZ,1981,M,XZY,12AC
XYZ,123XYZ,1989,F,XZY,12AC
XYZ,123XYZ,1991,M,XZY,12AC
XYZ,123XYZ,1977,M,XZZ,12AC
XYZ,123XYZ,1982,F,XZZ,12AC
XYZ,123XYZ,1974,F,XZZ,12AC
